Comparison,Target_Country,2025,2026,2027,2028
US vs Jp_fx,Jp_fx,-0.822688,-0.8455739,-0.902141,-0.85135627
US vs Kr_fx,Kr_fx,-0.25938785,-0.27638078,-0.31998682,-0.29060876
US vs Uk_fx,Uk_fx,-0.20833588,-0.20144081,-0.23401892,-0.1996479
US vs Cn_fx,Cn_fx,-0.11155605,-0.13003564,-0.15379953,-0.12136197
