Comparison,Target_Country,2025,2026,2027,2028
US vs Jp_fx,Jp_fx,-0.80267644,-0.7947521,-0.9330503,-0.8425149
US vs Kr_fx,Kr_fx,-0.24547362,-0.23885298,-0.33448374,-0.27701294
US vs Uk_fx,Uk_fx,-0.19604349,-0.17412376,-0.25763023,-0.19611394
US vs Cn_fx,Cn_fx,-0.10242212,-0.10077143,-0.17996621,-0.13391674
