Comparison,Target_Country,2025,2026,2027,2028
US vs Jp_fx,Jp_fx,-1.2292852,-1.907099,-2.2286644,-2.3691049
US vs Kr_fx,Kr_fx,-0.5445007,-1.0258031,-1.2505505,-1.3475914
US vs Uk_fx,Uk_fx,-0.4851874,-0.9238938,-1.1381989,-1.227632
US vs Cn_fx,Cn_fx,-0.36827147,-0.79420376,-0.9867047,-1.0701365
