Comparison,Target_Country,2025,2026,2027,2028
US vs Jp_fx,Jp_fx,-0.8094164,-0.7938415,-0.9038366,-0.82591236
US vs Kr_fx,Kr_fx,-0.25395632,-0.24397743,-0.3362193,-0.27414584
US vs Uk_fx,Uk_fx,-0.20463634,-0.17764771,-0.25539005,-0.19933605
US vs Cn_fx,Cn_fx,-0.10531986,-0.10394585,-0.18801272,-0.13683093
