Comparison,Target_Country,2025,2026,2027,2028
US vs Jp_fx,Jp_fx,-0.8031969,-0.79479706,-0.9384432,-0.8639128
US vs Kr_fx,Kr_fx,-0.25151753,-0.24748242,-0.34955323,-0.29202974
US vs Uk_fx,Uk_fx,-0.20722401,-0.18425524,-0.2525624,-0.1835649
US vs Cn_fx,Cn_fx,-0.10497975,-0.10234499,-0.17682123,-0.13571572
