Comparison,Target_Country,2025,2026,2027,2028
US vs Jp_fx,Jp_fx,-1.1453295,-1.2179072,-1.2920592,-1.2431958
US vs Kr_fx,Kr_fx,-0.49780416,-0.5537733,-0.6066297,-0.5720252
US vs Uk_fx,Uk_fx,-0.44384778,-0.509956,-0.5669056,-0.5387564
US vs Cn_fx,Cn_fx,-0.37955713,-0.43892086,-0.49060357,-0.4523865
