Comparison,Target_Country,2025,2026,2027,2028
US vs Jp_fx,Jp_fx,-0.8113024,-0.8073331,-0.8981104,-0.8708408
US vs Kr_fx,Kr_fx,-0.25641537,-0.25670612,-0.3205868,-0.2909161
US vs Uk_fx,Uk_fx,-0.2168057,-0.19177413,-0.23308074,-0.22080314
US vs Cn_fx,Cn_fx,-0.10659981,-0.09928942,-0.16218567,-0.15529501
