Comparison,Target_Country,2025,2026,2027,2028
US vs Kr_fx,Kr_fx,-1649.3969,-1649.4393,-1946.7225,-1829.7874
US vs Jp_fx,Jp_fx,-176.99124,-180.39075,-212.13408,-201.78267
US vs Cn_fx,Cn_fx,-7.278208,-7.163028,-8.595471,-8.1109295
US vs Uk_fx,Uk_fx,0.038124442,-0.002720952,-0.17917347,-0.11729038
