Comparison,Target_Country,2025,2026,2027,2028
US vs Kr_fx,Kr_fx,-1383.9271,-1376.3156,-1374.0531,-1375.6523
US vs Jp_fx,Jp_fx,-145.96878,-145.8737,-145.82924,-146.18803
US vs Cn_fx,Cn_fx,-6.189397,-6.1744866,-6.1731887,-6.1802177
US vs Uk_fx,Uk_fx,0.2541318,0.25921106,0.25916308,0.257088
