Comparison,Target_Country,2025,2026,2027,2028
US vs Kr_fx,Kr_fx,-1383.395,-1370.52,-1377.9478,-1415.9586
US vs Jp_fx,Jp_fx,-145.89967,-145.32448,-146.243,-150.66858
